412,370,377,349,356,317,348,285,352,258,383,264,382,221,383,196,386,174,407,261,408,211,408,181,408,156,429,267,433,223,434,196,435,171,450,282,458,251,463,231,465,211,HELLO
405,366,370,344,348,312,338,279,338,250,373,258,372,216,372,191,374,168,397,254,397,205,396,175,396,149,420,260,423,216,424,188,425,164,441,275,450,244,454,223,457,203,HELLO
402,366,366,342,343,309,334,276,330,246,370,256,369,213,369,188,371,165,395,252,394,202,394,172,393,146,417,258,420,213,421,185,421,161,439,273,446,241,450,220,453,200,HELLO
406,375,366,352,343,314,335,278,328,247,373,260,373,215,374,187,377,163,399,257,400,203,400,170,400,142,423,264,428,215,430,185,430,159,447,281,457,247,461,224,462,203,HELLO
410,388,369,362,345,322,337,283,331,248,378,264,378,215,380,185,384,159,407,261,408,204,409,168,409,138,432,269,438,217,440,185,441,156,456,287,466,252,471,228,474,205,HELLO
405,401,361,374,337,330,331,287,325,249,372,270,373,216,375,185,379,157,403,267,404,205,405,166,405,134,430,276,435,220,437,186,438,155,455,296,465,258,470,232,473,208,HELLO
396,404,349,377,323,331,316,285,314,246,358,270,356,214,356,182,359,153,388,265,389,201,388,161,388,126,416,273,420,215,422,180,423,148,444,292,453,252,457,226,460,201,HELLO
381,405,334,375,304,326,296,279,290,236,337,259,324,198,318,161,316,127,373,255,367,183,363,138,360,99,406,267,411,202,413,161,414,124,437,292,457,254,470,226,479,199,HELLO
382,412,335,381,307,331,300,283,295,239,344,264,335,201,329,162,327,127,382,260,382,184,382,138,382,98,415,272,425,205,430,163,433,125,445,297,464,254,476,224,483,195,HELLO
381,431,332,398,302,344,294,292,289,243,345,268,342,196,342,153,345,114,385,267,385,183,385,131,387,86,421,284,431,210,436,164,439,123,455,313,477,267,491,236,501,204,HELLO
377,439,325,404,294,346,286,291,281,239,342,266,339,190,338,144,341,104,384,264,385,175,385,120,386,72,421,281,434,202,440,154,443,110,456,313,483,266,498,232,508,199,HELLO
381,438,328,401,298,342,290,286,284,233,348,259,348,180,349,133,353,92,391,258,394,166,395,109,396,60,430,275,443,193,450,144,453,100,466,307,493,256,508,221,519,187,HELLO
391,436,336,396,306,332,300,273,297,218,360,246,361,166,361,119,366,76,406,244,409,153,409,94,410,43,446,262,463,177,471,127,476,81,482,296,509,242,527,205,539,170,HELLO
404,452,345,411,312,344,306,281,304,223,370,253,369,170,369,119,373,73,418,249,421,153,421,92,422,37,460,267,478,181,488,128,493,80,498,301,525,244,542,206,553,169,HELLO
413,470,351,429,315,357,308,291,308,230,377,263,378,174,377,120,381,71,428,260,430,159,430,94,431,35,473,279,490,186,499,129,505,76,514,316,545,255,564,214,577,175,HELLO
421,470,356,432,318,362,312,294,313,229,385,263,385,173,385,117,389,65,438,259,441,155,441,87,442,24,484,279,501,183,510,124,517,65,526,317,557,258,578,217,594,175,HELLO
415,464,352,424,316,353,310,286,308,223,378,257,379,168,379,112,383,62,429,253,432,151,433,84,435,24,474,272,492,178,502,120,508,63,516,309,548,250,568,210,583,170,HELLO
388,407,333,368,302,308,294,252,290,201,351,229,351,155,351,110,355,70,392,227,395,140,396,86,397,39,430,241,442,163,449,116,453,73,466,270,490,222,503,188,510,155,HELLO
368,370,323,339,296,292,288,247,282,207,334,229,332,170,332,135,335,104,366,227,366,157,367,115,368,80,395,237,402,175,408,139,411,106,423,260,438,221,448,194,454,168,HELLO
369,360,330,332,307,291,299,253,293,219,341,238,340,188,341,158,345,132,369,235,370,177,370,141,370,111,394,244,402,191,405,161,407,134,418,263,431,229,437,205,441,183,HELLO
364,354,328,329,307,294,300,260,295,230,336,243,334,199,333,173,335,150,361,240,361,188,361,157,361,131,384,247,388,201,390,173,392,149,405,263,415,232,420,212,424,194,HELLO
361,351,326,328,306,293,299,261,293,232,333,245,332,203,332,178,333,157,357,242,357,194,356,164,355,139,378,249,383,205,385,179,385,156,398,264,407,235,411,216,413,197,HELLO
368,353,335,329,315,296,308,265,304,237,344,250,343,210,343,186,344,165,366,248,366,202,365,173,365,149,387,254,391,213,393,187,393,165,407,269,416,242,421,223,423,206,HELLO
401,357,370,334,353,303,349,273,348,246,382,259,380,221,380,198,382,178,403,257,403,213,402,186,402,163,422,263,427,224,429,200,430,179,441,278,451,253,457,236,461,220,HELLO
417,356,386,334,369,302,366,271,367,245,396,259,393,222,392,199,392,180,417,255,416,213,414,187,412,164,437,261,439,222,439,199,439,178,456,274,464,248,468,231,471,215,HELLO
478,368,444,344,425,311,420,280,423,256,444,270,441,233,438,211,437,192,464,265,460,224,456,198,452,177,484,269,482,230,480,208,477,190,504,280,508,254,509,238,510,223,HELLO
492,361,462,340,444,308,441,278,446,253,467,267,463,231,461,209,461,190,486,263,483,221,479,195,476,172,505,267,506,229,505,206,503,187,524,279,531,253,534,236,535,220,HELLO
505,360,477,338,461,306,461,276,467,252,487,264,485,227,484,205,484,185,507,261,507,220,505,194,503,171,525,267,528,230,528,207,527,187,543,280,552,255,556,239,559,223,HELLO
384,400,353,377,335,345,327,316,325,291,362,303,360,264,359,240,361,219,383,300,382,256,381,227,380,203,403,306,407,265,409,240,409,218,422,321,434,294,439,275,440,258,HELLO
365,407,335,385,319,352,314,322,310,295,347,308,347,268,346,244,347,223,368,306,369,260,369,231,368,206,388,314,393,272,396,246,397,223,407,330,418,302,424,283,427,265,HELLO
357,435,329,411,314,378,309,349,305,326,339,336,341,298,341,275,344,254,360,336,363,291,363,263,364,239,379,345,387,303,391,279,393,257,397,363,410,336,416,317,421,299,HELLO
353,446,325,424,311,390,307,362,304,337,339,349,342,311,344,288,347,268,361,349,365,305,366,277,367,254,380,359,388,318,392,294,394,272,397,376,410,351,416,333,421,315,HELLO
361,443,334,419,318,386,313,359,314,337,349,348,351,310,353,287,357,268,370,348,374,304,375,276,377,252,389,357,397,316,401,291,404,271,407,373,420,346,426,327,431,310,HELLO
372,408,343,383,326,350,322,321,322,296,357,309,358,271,358,248,361,228,378,308,380,264,381,236,381,213,398,316,404,275,407,251,409,230,416,332,428,305,434,287,438,270,HELLO
380,382,350,358,332,325,328,295,325,268,360,281,359,243,360,221,361,202,381,280,382,236,382,209,382,186,401,287,406,246,408,222,410,201,421,302,432,275,437,257,441,240,HELLO
401,361,369,338,352,304,348,272,346,246,382,264,381,225,380,203,381,183,403,261,403,217,402,190,400,166,423,267,427,226,428,202,427,182,443,281,454,253,458,235,461,218,HELLO
415,353,383,332,364,300,359,269,357,242,392,256,387,218,385,195,385,175,414,253,412,209,410,182,408,159,434,258,437,218,438,194,437,173,454,272,464,245,469,227,472,210,HELLO
393,497,365,475,351,444,350,416,353,392,387,402,390,363,393,338,398,317,411,403,418,357,422,328,426,302,432,413,445,372,451,348,456,326,451,432,467,407,477,390,484,375,HELLO
408,432,377,401,362,362,358,330,358,303,394,323,393,279,392,252,393,230,417,323,418,274,418,242,418,217,437,332,445,286,448,259,450,236,457,349,471,319,479,299,484,281,HELLO
405,361,372,335,356,300,352,268,351,240,387,257,383,217,381,193,381,172,410,255,409,209,408,180,407,156,432,263,436,220,438,195,439,173,452,279,465,251,472,232,477,214,HELLO
397,340,366,315,350,281,345,250,345,222,380,237,376,198,374,174,375,153,403,234,402,189,401,161,401,137,424,241,430,199,433,175,434,155,444,257,457,231,465,212,470,196,HELLO
397,332,367,309,350,277,344,247,344,219,378,233,374,194,372,171,372,150,400,230,399,185,399,157,399,133,420,237,427,195,430,171,431,150,439,252,453,227,461,209,466,193,HELLO
408,338,379,314,364,282,361,253,363,229,392,242,391,204,390,180,392,161,415,240,417,196,417,169,417,146,435,247,443,207,446,185,448,165,454,261,468,237,476,220,482,206,HELLO
429,346,400,324,387,292,387,262,391,239,417,252,416,215,416,191,418,171,439,250,441,207,441,179,442,156,459,257,467,218,471,194,473,174,477,271,492,248,500,232,507,218,HELLO
440,349,412,325,399,292,401,263,406,239,431,253,431,217,430,193,432,173,453,251,456,208,457,181,458,158,473,258,481,219,484,196,487,176,490,273,506,250,515,233,521,219,HELLO
450,348,423,324,411,290,412,261,418,237,442,253,441,216,442,192,444,172,464,251,467,208,468,181,470,158,484,258,493,219,497,197,499,177,502,274,517,250,525,234,532,219,HELLO
468,357,441,331,429,297,431,267,438,243,462,261,462,223,462,199,465,179,484,260,490,216,492,188,493,165,503,269,515,230,520,205,523,185,519,284,536,261,546,244,552,229,HELLO
437,385,410,358,398,323,398,293,406,267,434,284,436,246,437,222,439,202,456,284,463,240,466,213,468,190,476,293,487,254,493,232,497,213,492,310,508,287,517,272,525,258,HELLO
410,376,383,350,368,316,365,287,367,260,401,275,398,237,397,213,397,193,424,274,427,229,428,202,429,178,444,283,453,243,457,219,460,198,462,300,477,275,486,258,493,242,HELLO
398,374,369,349,352,316,348,287,347,259,383,274,378,235,376,211,375,189,406,272,407,226,407,197,407,173,427,279,434,238,438,213,440,191,446,295,462,270,470,252,476,235,HELLO
389,374,357,351,338,319,331,289,326,261,366,274,359,234,354,209,351,187,389,270,387,222,386,192,384,168,411,277,416,235,418,209,419,186,430,292,444,265,452,246,457,229,HELLO
391,380,357,359,334,328,324,298,316,270,358,281,348,241,342,217,339,195,382,277,377,229,374,199,371,173,404,283,407,239,408,212,408,189,426,298,438,270,444,250,447,232,HELLO
401,376,367,355,344,324,333,294,325,268,365,279,355,238,349,214,345,192,389,273,383,225,379,195,376,170,412,277,413,233,414,206,413,183,434,290,445,262,451,243,456,225,HELLO
412,355,379,332,357,301,348,270,345,242,384,256,375,215,369,190,366,169,407,251,402,203,399,173,397,147,429,256,432,211,433,185,432,163,451,269,464,240,470,220,474,203,HELLO
423,343,390,319,369,286,362,254,359,224,395,239,387,199,383,174,381,151,420,234,417,186,415,157,413,132,443,240,446,196,448,170,448,148,464,255,476,227,482,208,486,190,HELLO
433,353,402,328,385,294,381,262,382,234,416,250,410,210,407,185,405,163,439,247,439,199,438,170,438,146,461,254,467,210,469,185,471,163,481,269,495,242,503,224,508,207,HELLO
450,383,421,356,406,321,406,289,412,263,440,279,439,238,438,213,440,191,464,278,469,230,472,201,474,176,486,286,496,244,501,219,505,198,504,303,520,277,529,260,536,244,HELLO
451,413,423,387,410,351,412,321,416,295,445,309,446,268,447,243,450,221,469,308,477,262,481,232,485,208,490,318,503,276,509,252,514,231,508,336,525,311,535,294,544,278,HELLO
433,417,406,390,392,354,389,325,389,298,423,312,423,272,423,247,425,225,447,312,453,264,457,235,460,210,469,321,480,279,487,254,491,233,487,340,506,315,516,297,524,281,HELLO
414,364,381,339,363,305,359,274,357,247,394,259,389,218,386,194,385,173,419,257,420,209,419,179,419,155,441,265,448,222,450,196,452,173,462,281,476,254,483,235,489,219,HELLO
433,343,425,298,403,253,392,216,398,184,387,261,330,256,343,267,363,270,381,289,323,280,339,288,358,292,376,317,326,306,342,312,360,315,371,344,331,331,345,333,362,336,HOW
439,349,431,307,409,263,399,227,405,197,397,274,341,269,353,278,372,281,392,302,333,293,348,299,368,303,387,330,336,318,351,321,370,325,383,356,342,342,355,342,372,345,HOW
442,352,434,311,412,268,401,232,406,202,398,278,343,273,355,282,375,286,393,306,335,298,351,303,371,307,388,334,338,323,353,326,372,329,384,360,344,346,355,346,371,350,HOW
444,357,436,315,414,273,405,237,410,207,402,284,346,279,359,287,378,290,397,312,338,303,354,308,374,311,392,339,340,327,356,329,375,333,388,365,347,350,359,349,375,353,HOW
447,360,439,318,415,276,404,240,408,210,401,284,345,279,358,287,377,290,395,312,337,302,353,308,373,312,390,339,340,327,356,330,375,334,386,364,347,351,360,351,377,354,HOW
443,355,434,314,412,272,401,238,407,208,399,283,344,278,356,286,375,289,394,310,336,301,352,307,372,311,389,337,339,325,355,328,373,332,385,362,346,348,359,348,375,351,HOW
439,356,431,314,408,272,396,238,400,208,395,282,339,278,351,286,371,289,388,310,332,301,347,308,367,311,383,336,334,325,349,329,368,332,378,361,341,348,353,349,369,352,HOW
432,356,424,315,403,273,392,239,398,209,392,281,336,277,348,286,367,289,387,308,328,300,344,306,363,310,382,334,331,325,347,328,366,331,378,360,339,348,352,349,369,351,HOW
424,357,416,318,396,275,387,240,394,211,388,283,330,279,340,288,359,292,384,310,323,304,337,310,357,313,379,337,326,328,341,332,360,334,374,362,334,351,347,351,363,353,HOW
406,365,399,326,380,285,369,252,374,223,364,296,312,288,324,296,343,300,356,323,303,311,317,317,335,321,350,350,304,335,316,338,333,342,344,373,309,358,319,357,333,361,HOW
387,355,380,310,361,275,341,244,337,217,324,289,289,279,305,282,320,287,314,315,281,300,295,300,309,305,308,340,283,324,295,323,306,328,307,361,286,343,297,342,307,346,HOW
382,349,374,303,354,269,331,240,324,213,314,284,285,274,301,277,315,283,303,310,278,294,292,295,304,301,299,335,279,318,291,317,302,323,298,356,281,338,292,337,302,341,HOW
384,345,374,298,354,265,329,238,320,211,311,283,286,273,304,275,318,281,301,309,280,293,294,293,306,298,298,334,282,316,294,315,306,320,298,353,285,336,296,334,306,338,HOW
393,340,383,296,362,262,337,237,327,212,321,282,295,273,310,276,324,280,312,308,289,294,302,294,314,298,310,332,292,317,302,316,313,320,310,352,294,336,305,334,314,337,HOW
406,348,397,305,375,270,358,239,355,212,346,280,307,280,321,286,337,287,338,306,302,301,315,305,330,307,334,332,304,324,316,326,329,329,332,356,307,346,319,346,331,349,HOW
410,359,401,320,379,280,370,247,374,218,368,286,315,286,326,296,344,297,365,311,309,307,323,315,342,316,361,336,312,330,326,335,344,337,357,360,319,352,331,354,347,356,HOW
386,405,372,359,367,307,370,268,382,237,383,297,325,295,328,313,344,317,386,322,321,320,332,333,349,336,385,348,325,344,336,355,354,357,380,374,332,368,343,374,361,376,HOW
358,417,345,357,350,306,362,269,375,242,384,308,329,307,326,323,341,326,387,335,325,332,329,342,346,345,384,361,327,354,331,363,348,365,378,386,334,379,338,384,353,387,HOW
332,393,324,346,337,300,353,270,368,242,388,309,335,307,319,320,323,327,395,335,329,335,321,345,331,349,392,363,330,362,328,367,342,367,384,390,337,387,338,387,352,387,HOW
324,390,313,353,331,310,349,281,365,255,376,331,328,341,314,345,320,343,391,363,320,376,317,373,328,368,392,393,325,403,323,397,337,390,386,419,334,425,330,420,340,415,HOW
342,392,348,348,379,303,403,273,418,244,442,319,432,314,401,326,382,336,457,347,437,344,399,351,383,355,458,376,437,373,402,374,389,373,452,404,438,399,411,393,400,388,HOW
360,385,369,340,400,297,424,269,439,243,450,317,462,303,432,314,409,325,459,343,472,331,433,339,407,346,461,371,472,361,433,363,408,366,458,399,469,389,442,384,423,381,HOW
359,382,367,339,397,296,421,270,436,245,446,314,460,301,433,311,408,321,455,340,471,326,433,335,407,343,457,368,470,357,432,359,407,363,455,396,467,385,441,380,422,377,HOW
355,389,361,343,393,300,418,275,433,250,442,319,458,305,430,316,406,327,451,345,468,332,430,341,403,350,453,373,468,362,430,365,404,369,450,402,465,391,439,386,419,383,HOW
354,390,362,345,393,302,418,277,433,253,441,321,457,307,429,318,405,329,449,346,468,333,430,343,404,352,452,374,468,363,430,367,404,371,449,403,465,392,439,387,419,385,HOW
354,387,361,343,393,301,418,276,433,252,440,319,456,306,428,316,403,327,449,345,467,331,429,341,402,349,451,373,466,361,428,365,402,369,449,402,463,390,437,385,418,383,HOW
351,387,358,342,390,300,416,276,430,252,437,318,452,305,425,316,400,326,446,345,463,331,426,340,398,347,448,373,462,361,426,364,399,367,446,402,459,390,433,385,413,383,HOW
335,380,344,336,377,293,401,268,416,244,425,310,433,297,403,308,379,319,434,336,442,322,406,331,379,340,436,365,442,352,407,356,382,359,433,394,442,380,416,377,397,376,HOW
326,379,333,334,365,292,390,266,405,241,417,307,418,293,389,304,366,314,428,335,425,319,389,330,366,338,431,364,424,349,389,355,368,358,429,393,425,377,399,375,384,375,HOW
316,377,321,331,352,288,376,261,395,236,412,306,389,292,362,305,351,316,424,330,392,317,360,328,354,337,424,358,392,346,363,352,361,357,419,386,396,375,372,372,368,372,HOW
319,375,319,330,348,286,373,258,393,232,406,302,365,296,340,310,339,320,417,329,366,323,341,332,343,340,415,359,366,353,346,357,351,360,407,388,370,382,353,380,356,380,HOW
327,381,319,337,338,291,358,261,376,234,394,302,346,308,323,321,326,329,406,332,346,340,326,346,331,349,406,365,348,371,331,372,340,371,402,395,355,398,341,396,346,394,HOW
330,383,321,343,338,300,355,271,371,245,391,317,341,324,319,333,322,338,403,348,337,358,320,360,326,360,403,380,340,387,327,386,337,383,397,408,347,412,336,411,343,408,HOW
348,371,339,336,348,298,360,268,374,239,393,316,340,323,325,327,330,328,403,346,335,356,325,355,333,354,403,377,339,383,332,381,343,378,397,403,347,407,338,405,347,403,HOW
427,389,417,345,395,300,384,265,392,232,389,315,323,310,338,315,359,318,385,348,314,338,333,339,356,344,381,378,317,365,335,364,357,368,375,404,327,390,341,387,359,390,HOW
424,377,414,334,387,293,372,259,376,227,372,306,313,303,328,307,349,310,367,337,307,328,325,330,345,333,362,365,311,353,328,353,347,356,358,391,318,375,332,373,348,377,HOW
408,370,399,323,376,286,357,253,356,223,339,299,300,294,317,298,333,301,330,328,293,317,308,319,323,323,326,356,295,342,308,341,322,345,324,380,300,364,312,363,324,367,HOW
399,358,387,314,365,280,342,252,334,226,326,295,296,290,312,293,327,297,318,323,289,312,303,312,316,316,315,350,292,336,304,336,316,340,315,371,298,356,310,356,321,359,HOW
409,374,399,330,377,296,356,268,352,241,341,310,308,304,325,308,340,310,333,337,303,326,317,327,330,331,330,363,305,348,317,349,330,353,330,384,309,369,320,368,331,372,HOW
420,394,412,350,390,316,369,287,368,259,357,327,318,322,333,327,349,329,348,353,311,343,324,345,339,348,344,378,312,365,325,366,338,369,343,399,319,385,331,385,342,388,HOW
420,390,411,350,389,312,375,280,380,250,368,318,323,314,334,322,352,326,361,341,318,337,330,343,346,346,355,365,318,359,329,364,345,367,350,388,323,382,333,385,347,388,HOW
419,401,409,361,387,324,371,293,375,264,363,333,317,332,330,338,348,341,358,360,312,355,325,360,342,363,355,385,315,378,328,381,344,384,353,410,322,400,333,400,347,403,HOW
427,387,415,348,390,312,375,281,379,252,372,321,324,322,335,328,354,330,367,346,320,344,332,349,350,350,364,371,323,365,335,369,352,371,362,395,330,387,341,388,355,390,HOW
430,380,419,342,393,304,379,271,383,241,375,312,327,312,338,320,356,321,371,337,323,334,336,340,354,341,368,362,326,355,338,359,354,362,365,386,333,376,343,378,357,381,HOW
433,388,422,348,395,311,379,279,380,250,372,317,325,321,338,328,355,328,366,342,321,342,335,348,352,349,364,368,324,364,338,368,355,369,363,392,333,386,344,387,358,389,HOW
425,366,413,328,389,291,376,261,379,233,370,299,324,300,334,308,352,310,366,323,320,321,332,327,350,328,364,347,323,342,335,346,352,348,362,370,331,363,342,364,355,365,HOW
418,372,406,334,380,297,366,266,367,237,360,302,313,305,325,314,343,315,356,326,309,327,323,334,341,334,354,352,312,348,326,353,344,355,353,376,321,371,332,373,347,374,HOW
421,370,409,331,385,294,371,263,374,234,370,303,316,305,329,312,348,313,367,329,314,327,328,332,346,333,365,354,319,349,332,352,349,353,363,378,325,369,336,369,351,371,HOW
416,329,400,292,376,260,365,231,365,206,359,287,314,284,328,280,346,283,358,311,312,305,325,300,341,302,358,333,317,326,328,322,342,323,358,352,324,345,333,340,346,342,HOW
416,311,399,273,374,241,360,211,358,183,352,257,306,265,320,268,338,267,350,284,306,287,319,288,336,287,351,310,311,308,324,308,340,307,352,334,319,328,329,327,344,328,HOW
414,317,399,279,375,247,359,218,357,191,352,264,306,269,321,273,338,272,349,291,305,292,319,292,335,292,349,316,310,312,322,312,337,312,350,340,317,334,327,332,341,333,HOW
415,320,400,281,376,248,361,219,359,192,354,264,308,269,322,273,339,273,351,291,306,291,320,293,336,293,351,316,311,312,323,312,339,313,351,340,318,333,328,332,342,333,HOW
415,321,402,283,380,250,367,220,366,193,357,264,312,268,326,272,343,272,354,290,309,288,323,291,339,292,352,315,314,309,326,311,342,312,352,338,320,331,330,330,344,332,HOW
411,328,403,290,384,254,373,222,373,195,361,265,315,265,329,271,346,273,356,290,311,286,325,290,341,292,353,314,314,307,327,310,342,312,350,337,318,327,329,328,343,331,HOW
410,343,404,303,388,265,378,233,381,205,363,275,318,271,330,278,347,282,356,300,312,292,325,297,341,299,350,324,313,312,325,316,340,319,346,346,315,333,326,335,340,339,HOW
411,348,406,309,391,271,382,239,385,212,367,279,321,275,334,282,350,284,359,304,315,295,329,301,345,304,352,329,315,316,328,321,344,324,347,352,316,338,328,340,342,344,HOW
402,358,398,318,384,281,377,248,380,222,360,289,315,283,327,290,344,294,350,314,308,303,321,309,336,312,343,338,308,325,319,328,333,332,336,360,307,346,317,348,330,353,HOW
408,364,399,325,379,290,368,259,369,232,355,302,311,300,324,304,341,306,349,328,306,321,320,323,335,325,346,353,309,343,321,344,335,346,344,376,313,363,323,363,336,366,HOW
413,350,396,313,372,283,356,256,351,230,351,301,307,304,322,305,338,304,349,328,306,326,320,324,336,325,349,353,311,347,323,345,338,346,351,375,318,368,329,364,342,366,HOW
416,335,397,299,369,272,352,246,346,220,351,288,308,298,322,298,339,296,353,315,309,320,322,319,339,317,355,340,316,340,328,338,343,337,358,363,325,360,335,357,349,356,HOW
407,330,394,294,368,260,353,232,351,205,353,268,306,278,319,284,336,282,352,293,305,299,320,303,337,302,353,317,310,320,325,322,342,321,353,341,318,339,330,340,346,340,HOW
391,361,387,323,372,284,365,251,370,225,351,289,304,284,316,293,333,296,342,313,298,304,310,312,326,315,335,337,298,326,310,332,325,336,329,360,298,346,308,350,321,355,HOW
394,364,390,325,374,286,366,254,370,227,353,294,306,290,318,297,335,300,345,319,300,311,313,316,329,320,338,344,300,332,313,336,328,340,332,367,302,353,312,355,325,359,HOW
411,354,375,334,350,296,333,263,313,239,387,247,386,201,385,175,386,150,411,245,409,193,407,161,408,134,433,254,441,216,443,239,444,261,455,272,465,248,463,259,459,271,ARE
412,348,379,327,357,289,342,255,322,231,395,240,396,196,396,170,396,146,419,239,418,188,417,157,417,131,440,250,451,210,452,232,450,252,462,269,476,245,475,254,469,264,ARE
414,348,381,325,359,286,343,251,324,227,398,239,400,195,400,168,402,145,423,238,422,186,421,155,422,129,445,249,454,210,453,231,451,252,466,268,478,244,476,253,470,265,ARE
415,353,382,330,360,290,346,255,327,232,400,244,402,199,403,172,405,149,424,244,425,192,425,161,427,135,446,254,456,216,454,237,452,258,467,272,479,249,477,259,472,271,ARE
409,374,375,351,353,313,338,278,319,254,395,267,397,224,398,197,399,173,419,267,421,216,419,184,420,156,441,279,451,244,446,268,442,289,461,299,473,280,471,289,467,297,ARE
395,382,358,362,332,326,314,293,295,269,372,277,374,234,374,207,375,183,397,276,397,226,395,194,395,166,419,287,428,252,421,281,417,304,441,306,452,284,443,299,434,314,ARE
390,379,353,360,327,324,308,292,288,269,364,276,365,233,364,206,364,181,388,274,388,223,384,191,383,162,411,284,418,248,412,278,408,301,433,303,443,278,436,294,428,309,ARE
396,387,357,366,337,325,336,288,334,257,372,280,372,235,371,209,372,185,398,279,395,227,391,195,390,166,421,289,427,252,425,281,423,306,444,307,454,282,447,299,438,316,ARE
393,381,356,361,337,320,338,283,335,253,365,275,364,232,364,206,365,182,390,274,388,222,385,190,384,162,413,284,421,246,417,274,414,298,436,302,446,276,440,292,432,309,ARE
384,387,345,368,325,326,325,288,320,257,353,280,352,235,352,208,353,184,379,278,376,226,373,193,372,164,403,288,410,249,406,279,402,303,427,306,435,280,428,296,419,314,ARE
377,386,336,367,316,326,314,287,307,256,343,279,342,234,342,207,343,182,369,277,365,225,362,192,361,163,392,288,398,250,394,278,390,302,416,306,424,280,416,297,405,314,ARE
375,387,335,368,315,327,314,288,308,258,341,281,340,236,340,209,341,184,367,279,363,227,360,194,359,164,390,289,396,251,392,281,386,305,414,307,422,282,414,299,403,316,ARE
375,385,335,367,315,326,314,287,308,256,341,279,341,235,341,208,342,183,367,277,363,226,360,193,359,163,389,288,396,250,391,279,386,302,413,306,421,281,412,298,401,315,ARE
378,383,338,365,319,324,319,285,313,255,344,278,343,233,343,206,344,181,370,276,366,223,363,190,361,162,394,285,399,247,396,275,391,299,418,303,426,277,418,293,408,311,ARE
394,382,349,359,328,309,329,263,322,227,361,254,360,202,361,170,363,141,392,252,389,191,386,153,386,119,419,265,428,218,424,250,420,278,447,286,457,255,449,275,439,295,ARE
398,389,349,365,327,310,329,260,324,219,366,251,367,192,369,156,373,124,400,250,400,181,399,138,400,101,431,264,443,212,438,248,432,279,461,287,473,255,464,277,453,299,ARE
397,405,347,378,323,321,325,267,319,223,366,257,367,195,369,157,373,123,401,256,401,183,399,138,400,98,432,272,446,218,439,257,432,290,463,298,477,264,467,287,455,311,ARE
395,410,342,383,319,320,321,264,313,219,362,257,363,192,366,152,370,117,400,257,401,180,400,133,402,91,433,273,447,217,439,258,431,293,466,301,481,265,469,289,456,314,ARE
395,405,341,379,317,316,318,259,311,212,361,249,363,183,365,143,370,106,399,249,399,171,398,123,401,79,433,265,448,208,440,250,431,285,466,293,481,257,469,281,455,307,ARE
395,405,338,377,312,314,313,256,306,208,359,244,362,176,364,135,368,98,399,243,398,164,397,114,398,70,432,260,447,202,440,245,432,280,466,289,480,253,467,279,453,305,ARE
393,412,336,386,311,320,314,259,306,210,358,250,359,181,361,139,365,101,399,249,399,169,397,118,400,72,433,267,449,208,440,254,431,290,467,296,481,261,469,289,455,316,ARE
387,379,342,356,319,307,317,260,310,223,353,251,354,197,356,165,359,135,384,250,384,188,382,149,382,114,412,263,422,217,415,252,409,280,439,286,449,255,438,277,426,298,ARE
377,360,337,339,317,295,316,254,310,222,348,246,349,199,349,170,350,144,375,246,374,190,372,156,372,124,399,258,408,215,401,245,395,270,424,278,433,250,425,267,414,284,ARE
376,352,338,332,319,291,318,252,313,222,348,244,349,199,349,172,350,148,373,244,372,191,371,159,370,129,396,256,405,216,399,245,393,268,419,277,429,249,420,265,409,282,ARE
376,347,339,328,321,290,320,254,313,225,347,247,348,204,349,179,350,155,371,246,370,196,368,166,368,138,393,257,401,220,396,247,390,269,414,276,424,252,415,269,403,285,ARE
375,346,341,327,325,290,324,256,317,230,349,250,350,211,351,187,351,165,371,250,370,203,368,175,367,149,391,259,398,224,394,248,390,269,411,277,419,253,412,267,403,282,ARE
376,342,344,323,328,286,326,252,318,227,352,246,354,208,354,184,355,163,374,246,374,200,372,171,371,146,394,256,403,221,398,245,392,266,414,273,424,248,417,261,408,275,ARE
379,370,336,348,314,298,313,252,305,217,350,245,353,191,356,159,359,130,381,245,383,182,382,143,383,109,408,258,420,214,413,249,406,276,434,281,446,254,435,276,422,296,ARE
376,389,326,363,303,302,302,249,290,209,344,243,348,181,351,144,354,110,381,244,383,171,382,126,383,85,412,260,424,207,415,246,406,277,442,287,457,254,443,277,428,300,ARE
377,407,319,381,291,315,291,254,280,205,340,244,344,175,348,134,354,95,381,243,383,162,382,111,384,65,416,261,431,203,421,249,413,285,449,291,463,257,448,285,433,312,ARE
375,418,314,390,284,321,283,256,273,202,335,243,339,167,342,122,347,80,379,243,381,154,379,99,382,51,417,262,434,197,425,246,417,286,453,294,471,254,456,285,440,316,ARE
377,427,315,394,283,324,281,256,270,201,336,243,340,163,344,116,348,72,382,243,383,150,383,93,385,41,421,264,439,197,430,249,421,291,458,299,476,256,461,287,445,319,ARE
382,419,320,389,289,319,287,253,277,199,341,241,346,164,349,118,354,75,385,241,386,151,386,95,388,44,423,260,441,197,431,247,422,287,458,293,476,252,461,283,444,314,ARE
383,403,330,375,304,312,302,254,289,208,348,245,350,176,351,135,355,98,387,244,388,163,387,114,389,70,420,262,436,204,427,249,419,285,453,291,468,255,455,283,441,309,ARE
383,385,336,359,313,305,309,254,299,213,354,248,359,187,362,151,366,117,389,248,392,178,392,134,394,94,418,264,434,215,425,253,415,284,446,291,462,261,448,285,431,309,ARE
377,373,335,350,312,303,308,259,298,225,345,254,348,204,349,174,352,147,373,254,375,196,373,160,374,127,398,267,409,226,400,260,392,286,422,289,433,263,421,284,407,304,ARE
369,350,334,329,311,291,295,258,276,237,347,246,349,204,350,178,351,154,370,246,372,196,370,165,371,137,391,257,400,220,392,247,385,270,412,276,422,250,413,266,403,282,ARE
369,349,333,328,311,290,297,256,279,233,347,244,349,202,350,176,352,152,370,245,372,194,371,163,372,136,391,256,400,219,392,246,386,268,413,275,423,249,413,264,403,280,ARE
369,351,334,330,311,291,298,258,281,236,347,247,349,205,350,179,352,156,370,248,372,197,371,167,372,140,391,259,399,221,392,248,386,270,412,278,422,252,413,266,403,281,ARE
370,357,336,336,314,299,300,267,283,245,349,256,350,214,351,190,352,167,372,256,373,206,371,176,372,149,392,267,400,229,393,255,388,277,412,285,422,260,414,273,406,287,ARE
370,363,335,343,312,307,298,276,281,255,347,265,347,224,348,200,349,177,370,264,370,216,368,186,368,160,390,274,397,239,390,265,384,287,410,292,419,269,410,282,402,296,ARE
371,358,336,340,314,305,300,275,283,255,348,262,349,223,349,199,350,177,370,262,371,215,369,187,369,163,390,271,398,237,391,262,386,283,410,288,419,266,412,280,405,293,ARE
385,351,353,332,333,296,323,265,308,244,365,257,366,219,367,196,367,175,386,257,386,212,385,185,385,161,406,266,415,232,409,255,405,275,426,282,436,260,429,273,422,286,ARE
407,353,376,336,355,303,341,272,325,251,387,259,387,220,386,197,386,176,408,258,407,212,404,185,404,162,428,265,437,230,434,252,431,272,448,280,458,257,454,270,449,284,ARE
398,356,367,337,346,304,331,274,315,253,380,262,381,224,381,201,381,180,401,261,401,216,398,188,398,165,421,270,430,236,426,259,422,279,440,287,451,265,446,277,440,290,ARE
372,352,337,326,317,289,308,259,301,236,345,252,346,217,348,193,351,172,364,255,367,210,366,181,368,155,383,267,383,238,367,262,359,282,400,286,397,265,382,278,372,292,ARE
366,355,333,334,312,298,298,267,282,246,344,257,344,219,346,195,348,173,364,258,367,210,365,182,366,156,385,268,389,234,378,259,371,280,405,285,411,260,400,273,390,289,ARE
395,346,364,331,345,301,343,273,342,249,367,250,362,210,359,187,356,166,387,246,381,199,376,172,373,147,407,252,413,215,414,238,414,257,427,266,437,241,433,254,426,268,ARE
397,336,365,325,345,297,343,269,344,245,364,242,356,203,351,180,347,159,383,236,373,191,366,163,361,138,402,241,404,204,411,225,415,244,421,254,428,227,429,239,426,253,ARE
398,333,366,322,346,296,345,268,344,245,361,240,353,201,347,178,342,158,381,234,370,188,362,162,357,138,399,238,400,202,408,223,412,242,419,250,424,224,425,236,423,250,ARE
387,330,356,311,337,278,328,247,316,224,365,234,365,195,364,172,365,151,385,234,384,187,382,160,382,136,404,243,410,206,403,229,398,249,423,259,429,231,422,244,415,258,ARE
385,336,351,314,332,276,324,243,315,220,363,235,365,200,368,178,372,157,382,237,386,192,386,165,389,141,400,247,403,214,387,237,378,257,417,265,416,241,402,253,392,268,ARE
382,343,348,321,329,282,318,250,309,227,358,243,359,207,361,185,364,164,376,244,379,198,379,171,381,146,395,254,396,221,382,245,373,265,413,271,411,247,397,260,387,274,ARE
379,354,347,334,326,299,316,268,304,244,358,257,359,217,360,193,362,172,380,257,380,210,379,182,379,158,399,267,405,230,398,253,393,274,419,284,426,258,418,270,411,285,ARE
383,362,351,344,328,311,314,282,299,259,361,264,362,222,362,197,364,174,383,262,383,213,381,184,381,157,404,271,413,235,409,261,404,282,424,288,435,264,429,278,421,292,ARE
392,362,357,343,331,308,316,276,299,251,369,256,371,212,371,185,372,159,394,254,394,202,392,171,393,143,416,264,427,227,423,255,418,278,438,282,450,259,444,274,437,289,ARE
392,365,356,346,331,308,314,275,296,250,370,254,373,207,373,179,375,153,396,253,397,198,395,164,396,134,419,263,432,224,426,254,420,279,442,283,457,258,449,274,439,291,ARE
374,363,340,346,313,314,294,285,274,267,347,266,346,222,345,197,345,174,369,263,368,212,365,182,364,155,390,271,399,234,396,262,391,284,410,288,422,265,417,279,409,293,ARE
365,359,332,346,306,319,286,294,264,280,333,272,331,233,330,209,330,187,355,268,351,221,348,193,346,167,375,275,381,244,377,270,372,292,396,289,404,269,398,283,390,299,ARE
367,356,336,343,310,316,292,291,271,279,337,271,335,235,334,212,333,190,357,268,355,223,351,196,348,171,377,275,383,244,378,270,374,291,397,290,404,269,399,282,391,296,ARE
393,351,361,338,335,313,314,290,293,277,360,269,357,235,355,213,354,192,379,265,374,224,370,198,368,174,399,272,403,244,400,269,397,289,419,286,425,266,420,280,413,294,ARE
375,350,344,338,322,311,309,285,294,266,342,274,340,240,339,218,339,198,362,271,359,229,356,204,354,180,381,277,384,247,381,270,378,290,400,288,405,267,399,282,393,296,ARE
378,353,348,341,323,314,305,291,286,275,348,274,345,239,344,218,344,198,367,271,364,229,360,204,359,180,387,278,389,248,384,273,380,292,406,291,411,270,404,284,398,297,ARE
378,357,348,345,323,319,302,296,282,283,348,275,346,240,345,218,346,198,367,272,364,229,361,203,360,180,386,279,389,250,383,275,378,295,405,294,410,272,403,286,396,300,ARE
359,310,321,315,285,322,264,338,256,352,287,263,283,266,272,274,266,288,312,251,309,321,305,335,303,334,341,255,334,324,331,325,330,315,366,264,358,315,356,316,357,305,YOU
369,323,331,326,296,328,274,335,271,342,296,270,287,275,280,287,279,302,321,258,319,313,317,335,318,342,349,261,347,319,344,330,343,327,375,269,371,313,371,321,373,315,YOU
369,303,338,306,309,315,298,335,303,352,304,257,297,257,288,268,284,284,327,246,321,306,321,328,324,335,355,250,348,312,347,318,346,310,379,260,371,306,370,310,371,300,YOU
365,300,333,304,303,312,295,335,302,355,301,257,294,257,287,268,283,284,325,246,320,308,319,331,321,339,352,251,345,315,344,320,343,313,376,262,368,308,367,312,368,303,YOU
364,310,328,312,297,318,283,332,286,346,292,257,285,256,276,265,271,278,315,247,306,296,307,323,311,335,341,252,332,306,329,322,329,325,364,264,354,304,351,314,349,312,YOU
365,313,329,316,299,322,288,340,293,357,294,264,285,266,279,279,276,295,316,255,309,310,310,338,314,349,343,262,336,318,335,329,336,326,366,274,359,315,357,323,357,319,YOU
375,316,346,323,320,333,311,351,320,363,311,271,303,275,302,289,305,304,336,260,335,320,337,341,341,343,363,264,361,324,361,329,361,320,386,275,383,321,382,325,382,314,YOU
379,319,352,325,325,335,318,353,329,365,317,273,310,276,310,291,314,306,342,261,342,320,343,345,347,352,369,265,368,324,365,332,363,325,392,276,389,321,388,326,389,317,YOU
377,317,351,323,324,332,317,350,328,363,318,270,311,275,312,289,316,302,343,258,346,320,346,341,348,345,370,262,370,324,367,329,365,319,393,272,391,319,390,323,391,311,YOU
376,315,345,320,317,327,302,346,289,366,311,268,305,277,305,290,309,303,337,256,340,323,340,340,342,341,365,260,365,328,362,333,359,324,388,271,387,320,384,324,383,314,YOU
372,312,339,316,310,323,296,344,286,366,307,265,303,275,304,284,308,291,333,254,337,316,337,334,338,335,362,257,362,321,358,329,355,322,386,266,384,315,382,320,382,310,YOU
376,312,344,316,314,323,300,340,294,359,306,265,301,270,301,280,306,290,332,252,333,307,333,331,335,339,360,254,361,312,356,326,353,323,384,263,383,308,381,316,379,310,YOU
371,308,343,314,316,324,310,344,322,358,306,264,302,266,299,277,300,291,330,250,333,308,334,333,337,341,358,252,359,312,356,321,352,317,382,261,381,304,380,310,379,302,YOU
366,304,337,311,307,321,301,340,316,352,300,260,296,261,292,272,292,284,324,246,327,308,329,328,332,330,352,248,353,311,351,319,349,311,376,257,374,304,373,309,373,298,YOU
363,304,332,309,303,319,296,340,310,355,298,259,291,258,286,272,286,289,322,246,320,307,321,330,323,336,350,249,347,312,343,320,341,315,373,258,369,305,367,310,366,302,YOU
363,308,332,313,303,323,296,345,305,363,295,264,287,271,284,285,285,299,319,252,318,321,319,343,323,349,347,257,346,324,344,326,344,316,372,267,370,317,369,318,370,305,YOU
367,322,337,328,312,336,300,344,304,343,294,278,293,306,297,321,300,328,324,268,335,341,333,361,330,363,357,272,360,341,354,342,347,330,384,283,385,333,380,334,374,321,YOU
370,320,341,325,317,336,306,347,306,350,297,278,294,310,298,326,302,333,328,267,340,345,338,361,334,357,361,271,366,344,358,346,349,332,389,282,390,336,383,337,376,324,YOU
363,323,330,333,301,348,289,364,297,366,286,280,286,321,289,338,291,343,320,269,330,358,328,373,326,367,355,273,357,356,350,353,342,336,384,284,382,344,375,342,368,326,YOU
364,325,332,336,302,351,292,369,302,373,288,281,289,326,293,341,298,344,325,269,336,364,334,376,333,368,363,274,364,362,355,356,349,335,393,285,389,349,382,344,376,324,YOU
367,330,334,342,299,360,292,382,313,391,294,276,293,320,297,341,301,349,334,263,339,362,334,379,329,369,373,268,369,361,359,363,351,346,402,281,395,349,385,351,379,334,YOU
358,317,324,332,292,350,297,382,323,400,300,272,302,317,306,336,310,342,342,260,350,359,339,378,328,371,382,265,379,358,365,357,353,335,411,277,404,347,393,346,384,325,YOU
365,320,330,335,294,349,303,380,331,400,306,270,309,306,314,326,318,335,349,256,358,349,347,373,337,366,389,261,389,352,373,361,360,346,419,273,414,341,401,349,392,334,YOU
365,319,329,335,293,350,301,382,331,402,306,270,310,309,313,329,317,336,349,257,359,351,347,372,338,363,390,262,390,354,372,363,360,347,421,273,414,341,401,348,392,335,YOU
362,313,326,329,290,345,301,375,334,391,309,263,310,303,315,326,320,335,352,253,358,355,344,377,330,364,392,260,389,357,373,361,359,337,421,273,414,346,401,351,393,330,YOU
363,316,327,328,291,339,299,371,332,391,309,263,308,301,314,323,321,333,354,253,358,354,342,376,329,365,395,261,389,357,370,360,357,336,424,275,414,347,399,349,392,327,YOU
359,314,324,326,289,339,296,370,320,390,299,258,299,297,304,314,310,321,342,247,347,341,336,355,328,344,382,254,379,346,364,343,354,319,413,267,404,336,392,334,385,311,YOU
357,302,325,308,293,316,296,344,308,365,292,245,291,258,292,271,294,280,329,228,336,312,330,333,326,328,366,232,367,314,355,321,346,306,396,243,392,305,383,311,377,298,YOU
362,289,331,295,300,304,295,328,309,347,292,235,288,245,291,260,297,273,324,218,331,297,328,322,327,323,359,222,360,299,350,310,343,302,387,233,385,290,377,298,372,289,YOU
354,308,327,314,302,325,297,347,306,364,292,270,286,282,286,292,288,300,316,258,319,324,320,340,324,343,343,261,344,325,340,323,337,310,366,269,367,316,365,315,364,302,YOU
358,318,332,324,309,333,304,354,309,371,301,283,295,289,293,300,295,312,323,272,324,330,325,348,328,350,348,275,347,333,344,334,342,323,368,284,367,326,367,326,367,314,YOU
354,320,331,324,309,330,304,348,306,365,302,283,296,287,294,297,296,308,322,272,322,327,323,347,325,353,345,275,345,329,346,331,346,323,366,283,365,323,366,325,368,315,YOU
400,325,380,327,360,331,358,344,370,353,357,284,356,295,362,303,368,305,379,276,382,315,383,330,384,333,401,279,402,320,398,328,396,323,420,287,418,319,416,325,417,320,YOU
331,369,307,373,283,373,294,385,322,395,292,302,296,299,302,301,308,304,324,287,331,333,323,365,321,375,353,292,356,351,343,371,336,368,378,306,375,353,365,367,359,361,YOU
335,375,307,382,280,384,291,393,322,399,291,305,291,301,298,306,305,312,326,289,332,338,324,371,320,377,357,293,361,356,346,377,336,370,384,309,381,359,369,375,361,367,YOU
355,338,325,341,297,348,293,366,307,382,302,288,298,315,300,331,302,337,333,280,329,351,326,363,324,357,362,287,354,354,348,354,345,340,385,299,376,349,371,350,370,337,YOU
366,340,337,343,308,349,301,364,317,373,312,288,307,310,306,325,307,332,341,280,338,343,333,361,330,360,370,286,362,348,355,354,351,346,393,297,384,344,378,349,375,341,YOU
371,337,342,341,313,348,302,364,314,375,313,290,306,310,304,326,305,338,340,282,338,347,334,361,333,363,368,287,363,350,357,350,355,339,390,298,384,344,381,344,380,332,YOU
373,335,344,341,316,349,306,364,318,373,316,288,311,314,311,328,314,333,344,281,342,346,339,356,339,352,373,286,367,349,362,348,360,337,395,297,389,343,385,343,384,331,YOU
376,331,348,332,321,338,316,356,328,370,322,284,320,314,323,330,325,335,351,277,350,341,347,353,345,347,379,283,374,344,368,345,364,333,401,294,395,339,391,341,389,330,YOU
388,333,360,335,335,339,332,353,346,365,338,282,336,307,338,322,340,327,366,275,367,331,364,345,363,341,394,280,391,335,385,341,381,331,415,291,410,333,405,338,402,328,YOU
404,320,377,324,352,330,355,344,375,350,360,269,359,297,365,313,371,320,389,264,389,321,385,334,383,331,415,270,411,327,403,332,398,323,435,281,428,324,423,327,421,319,YOU
408,316,383,320,359,325,360,337,378,343,362,263,361,283,368,300,374,307,390,257,391,310,387,331,384,331,416,262,414,315,407,325,403,318,437,273,431,313,427,322,427,315,YOU
370,319,340,322,314,328,301,339,303,349,307,272,300,290,296,298,294,304,330,264,327,322,324,335,322,333,356,270,350,326,346,329,345,321,379,281,373,322,371,323,371,313,YOU
336,319,304,315,277,317,266,334,264,352,282,268,271,277,261,287,254,300,305,264,292,324,287,338,286,341,330,274,314,333,311,334,310,326,350,288,337,330,335,329,337,318,YOU
311,332,274,332,244,335,232,354,231,373,238,286,223,309,212,320,202,331,261,282,248,345,250,363,252,367,288,290,274,350,281,348,285,335,313,303,299,346,302,344,306,331,YOU
360,364,334,360,312,355,317,365,334,379,330,293,326,330,330,348,334,348,356,293,350,335,349,347,350,342,380,301,372,341,368,352,367,348,401,313,392,343,385,353,382,352,YOU
291,387,265,387,238,389,230,407,238,426,246,337,238,357,233,373,232,386,274,333,262,384,259,402,260,410,301,341,286,392,280,399,280,395,323,353,310,392,304,396,303,389,YOU
285,393,264,392,241,394,234,412,236,429,245,342,240,368,241,386,241,399,273,339,267,391,261,409,257,416,298,348,289,397,281,403,277,395,318,361,311,399,303,403,300,394,YOU
317,332,295,332,271,332,272,344,285,353,280,273,282,277,286,285,289,288,307,264,306,308,300,331,297,338,333,269,329,319,321,333,317,332,354,281,348,319,341,330,337,327,YOU
325,323,303,323,279,323,277,334,284,340,284,264,283,271,286,279,289,284,311,255,311,299,306,319,303,322,336,261,334,309,327,320,323,315,357,273,352,311,346,320,345,313,YOU
359,264,339,269,318,272,321,283,334,289,318,220,319,222,331,224,343,223,344,205,353,246,351,270,349,276,369,205,376,254,370,270,366,267,392,213,393,253,388,265,385,261,YOU
348,367,318,373,289,378,295,393,320,403,298,305,298,325,301,342,304,350,331,296,332,368,325,392,321,388,362,303,359,373,348,381,341,368,386,317,379,371,371,378,367,366,YOU
349,362,319,370,290,378,296,395,322,405,299,307,300,332,302,348,305,355,333,298,337,373,328,393,323,387,364,305,363,378,350,385,343,371,389,318,384,375,373,381,367,369,YOU
343,365,313,367,284,371,288,388,311,401,298,303,296,330,297,349,298,358,333,296,334,372,323,392,316,388,365,305,360,380,346,389,338,378,390,320,382,377,372,385,367,373,YOU
346,373,315,376,287,380,289,400,306,419,297,304,294,330,295,351,297,363,333,298,329,371,320,391,316,389,365,309,357,380,346,385,341,371,389,326,379,382,371,385,368,371,YOU
340,356,314,356,287,354,289,370,309,383,300,288,299,291,297,303,296,315,331,278,329,333,321,361,318,371,359,286,355,347,342,361,335,358,382,300,374,346,365,357,361,351,YOU
348,361,321,361,294,360,295,375,313,387,304,297,302,298,301,311,302,324,335,287,333,346,325,372,322,375,363,294,359,356,346,370,340,365,387,307,379,354,371,365,368,359,YOU
353,363,326,364,298,364,299,378,317,389,308,299,308,302,309,315,311,327,340,289,340,345,331,374,327,382,369,296,366,358,352,374,344,371,392,309,386,356,377,367,373,361,YOU
367,357,339,360,312,363,318,378,340,385,320,300,318,322,323,334,328,335,350,292,352,355,348,370,347,361,379,298,381,363,373,371,370,359,403,310,400,359,394,365,393,354,YOU
387,366,357,370,326,377,321,402,335,422,329,311,321,336,314,359,311,379,366,299,368,386,365,397,366,393,402,306,396,390,388,386,384,369,430,320,421,383,413,380,409,361,YOU
390,365,361,368,330,372,326,390,341,402,331,301,326,326,324,344,324,356,367,290,372,372,365,393,363,388,401,297,402,376,390,382,383,369,429,311,426,369,416,374,410,360,YOU
384,363,354,370,324,376,328,397,350,411,328,301,326,323,326,341,327,351,366,288,372,373,362,399,356,395,401,294,403,376,388,382,379,366,430,307,427,369,416,374,409,357,YOU
389,364,358,369,327,373,330,395,355,411,334,297,331,318,330,339,331,351,372,285,378,362,371,385,367,381,407,292,406,372,392,383,383,371,435,305,428,364,416,373,409,362,YOU
388,353,359,355,330,355,329,368,346,376,342,293,340,315,339,331,338,340,377,285,383,362,374,384,366,379,410,293,411,369,400,379,392,366,436,306,432,364,424,374,420,363,YOU
384,365,353,369,320,370,322,388,343,398,329,296,327,313,327,330,327,342,367,285,370,359,361,385,357,383,402,292,403,367,390,378,382,365,430,306,426,364,417,373,413,361,YOU
385,421,401,374,408,324,416,281,432,251,363,325,326,283,335,301,348,316,338,343,302,298,311,313,324,327,318,362,284,319,294,332,306,346,302,380,262,355,240,342,221,331,END
384,423,399,379,406,330,415,288,430,260,367,330,327,292,334,309,348,322,343,348,304,306,312,321,324,333,323,367,288,327,296,339,309,352,308,385,269,361,247,349,229,339,END
391,414,407,374,414,325,421,285,437,258,377,323,337,287,342,303,355,317,353,340,316,301,321,316,333,329,334,359,299,321,305,335,317,348,318,376,281,354,257,343,238,333,END
394,411,410,370,417,322,426,281,441,254,380,321,340,285,346,302,360,316,357,339,318,300,325,315,338,328,338,357,302,319,309,333,322,346,322,374,285,351,262,339,244,328,END
425,395,437,351,439,301,444,259,456,231,402,295,358,265,362,282,377,294,381,312,339,281,345,298,358,308,363,332,324,299,330,314,343,326,347,350,310,329,286,319,268,309,END
438,377,448,334,449,285,453,244,463,215,413,278,366,252,370,271,385,282,394,295,349,269,353,286,367,296,377,316,335,287,340,303,354,314,363,336,326,316,302,308,283,300,END
438,366,449,323,451,274,453,232,464,203,414,268,367,242,371,260,386,271,393,285,348,258,354,275,367,285,376,305,333,276,340,292,354,303,361,324,324,304,299,295,280,286,END
429,357,438,313,438,265,440,224,452,195,402,257,355,234,358,251,372,262,382,274,337,249,342,266,354,276,365,295,323,268,328,283,341,294,351,315,313,295,289,284,270,274,END
384,402,406,366,422,320,438,282,458,259,392,307,360,268,359,285,370,301,366,318,337,279,338,295,347,310,343,331,317,292,318,307,327,322,322,345,298,311,282,292,270,274,END
366,425,393,392,415,347,432,311,455,294,389,330,359,291,355,308,364,323,364,337,335,297,332,314,339,327,339,348,314,306,312,321,320,336,315,358,297,320,284,297,276,279,END
359,437,386,405,409,361,428,327,452,311,386,343,357,303,350,319,357,334,361,350,334,308,328,323,334,338,336,359,313,317,310,331,316,346,312,369,295,329,284,305,278,285,END
348,446,377,415,405,377,426,348,449,333,394,355,364,315,355,331,361,346,371,359,342,316,333,331,338,346,345,365,322,319,315,333,319,349,317,371,307,329,302,303,301,280,END
354,441,377,408,401,364,420,332,443,316,383,345,349,308,341,324,349,339,361,352,327,314,322,330,329,345,338,362,308,320,303,336,310,353,314,373,292,338,277,316,267,297,END
370,429,386,392,399,345,410,307,429,284,373,332,332,301,330,319,341,331,352,345,311,313,311,331,321,343,331,360,293,329,293,346,304,360,311,376,279,350,256,336,239,323,END
380,427,392,386,398,337,405,298,422,272,368,330,323,303,325,320,339,330,348,347,305,318,309,335,321,345,330,366,290,337,293,353,306,365,313,384,276,361,251,350,232,341,END
402,411,402,368,395,322,393,283,404,254,362,326,312,310,322,324,339,331,348,349,300,330,310,343,325,350,336,373,291,351,300,363,315,371,328,396,285,385,262,385,244,385,END
413,400,408,358,396,317,388,280,392,249,359,331,312,316,326,324,343,329,347,357,301,337,314,344,329,349,340,381,297,361,308,366,324,372,335,402,293,399,269,399,249,399,END
423,398,411,353,388,314,370,279,368,249,351,341,303,330,318,332,336,336,343,369,296,355,310,354,326,358,341,395,298,379,311,378,328,382,341,415,297,418,275,422,258,428,END
421,397,405,352,380,316,358,283,354,253,342,344,296,333,313,336,330,339,335,372,288,358,304,358,319,361,334,397,290,384,303,382,319,385,335,416,293,423,271,429,252,435,END
413,396,398,353,375,318,357,284,355,255,340,345,294,335,309,337,326,341,334,373,287,359,301,360,317,363,332,397,288,385,300,384,316,387,333,417,291,423,269,429,250,436,END
390,428,394,385,389,340,388,302,398,274,355,346,309,323,319,337,335,346,338,369,293,342,303,354,318,362,326,391,284,364,293,375,307,384,315,412,275,395,252,391,236,389,END
384,432,391,389,389,342,389,303,401,276,355,345,310,321,318,335,333,344,337,366,293,338,301,352,314,361,322,388,280,360,288,372,301,383,310,408,270,389,248,383,231,380,END
398,417,397,374,390,327,388,289,397,260,361,332,311,312,320,324,337,333,347,355,298,333,308,344,323,352,335,378,288,354,296,365,310,374,324,400,281,385,264,384,255,385,END
353,420,372,387,391,344,407,311,427,290,370,328,335,292,329,309,338,323,350,337,315,300,311,318,319,331,328,349,297,311,294,326,302,339,305,361,286,324,274,301,266,280,END
363,353,383,320,398,277,409,242,426,217,371,262,334,231,335,247,346,260,350,273,315,243,316,259,326,269,329,287,299,254,300,268,310,281,310,301,284,271,266,252,255,235,END
392,303,408,268,415,225,422,190,435,165,382,201,343,182,340,199,349,213,365,210,326,192,325,210,333,222,348,225,312,204,312,218,320,230,330,242,304,214,287,198,274,184,END
403,292,413,256,416,214,421,178,434,153,386,193,340,179,343,199,355,211,373,204,325,193,328,212,339,221,357,220,313,204,315,221,325,232,341,239,307,218,285,206,267,194,END
383,364,391,325,390,281,392,243,401,215,359,288,316,263,323,275,336,284,343,308,301,281,308,292,321,302,329,328,290,300,297,311,310,321,316,346,276,332,252,327,234,323,END
380,406,370,366,352,327,342,292,350,262,330,348,275,341,287,348,305,351,323,375,267,364,279,368,296,371,319,400,266,389,278,393,295,396,316,422,272,428,250,435,232,442,END
357,424,356,380,342,334,337,297,349,269,318,348,268,330,279,338,296,345,305,372,256,351,267,357,282,365,294,396,249,373,258,378,274,386,286,417,242,402,222,397,209,397,END
347,432,369,393,380,354,386,319,401,297,330,341,316,316,324,328,331,341,307,354,296,327,303,336,309,347,289,368,279,341,286,349,291,360,276,381,254,350,241,334,230,322,END
356,415,375,381,383,343,386,310,400,289,344,321,313,313,314,329,325,339,324,333,297,325,299,340,308,348,306,348,281,337,283,350,294,358,290,365,267,341,251,330,239,319,END
361,415,379,382,387,345,390,313,404,292,349,322,317,314,318,330,329,340,330,332,302,325,304,340,313,349,313,347,286,336,289,349,300,358,298,364,274,341,257,329,244,318,END
315,428,337,397,355,360,367,327,382,308,322,339,296,316,296,329,304,340,300,347,276,324,276,336,283,347,279,360,258,335,258,345,265,355,258,372,243,341,232,324,224,310,END
322,427,344,395,360,357,373,325,390,306,327,338,302,316,303,329,312,340,304,347,282,325,283,337,290,347,282,360,263,336,263,346,270,356,261,372,244,342,233,325,225,310,END
368,425,378,388,381,343,384,307,398,283,352,334,312,314,314,330,326,338,335,349,296,328,299,344,310,352,319,367,282,344,285,357,297,367,303,384,273,360,253,347,238,335,END
370,422,363,385,352,336,348,300,356,271,345,336,292,329,288,345,299,352,341,357,282,348,276,361,282,368,335,381,281,367,274,379,277,385,328,403,290,391,270,386,254,379,END
370,422,361,384,344,339,339,304,348,274,339,351,282,347,286,359,301,364,337,376,275,373,280,381,294,383,334,404,277,396,285,404,300,406,330,428,289,427,271,427,257,427,END
361,433,361,392,352,346,351,311,361,284,331,353,280,336,287,349,303,356,320,377,270,358,277,369,292,375,310,402,262,379,270,389,285,397,301,424,261,408,240,400,226,396,END
358,438,363,395,359,353,358,317,369,290,327,362,281,335,292,348,308,357,310,385,264,354,275,364,289,374,296,406,254,375,262,383,276,393,284,425,244,405,223,396,208,389,END
353,439,367,398,371,353,376,315,391,291,332,351,297,320,303,333,315,346,310,369,279,337,285,348,295,357,292,388,266,354,272,361,281,371,276,403,253,371,242,359,234,351,END
351,436,369,394,378,351,384,314,399,291,334,344,305,316,313,328,323,339,310,360,285,329,292,339,301,349,291,377,269,345,275,354,284,364,276,392,252,358,238,340,226,327,END
347,432,366,392,376,351,380,315,395,291,332,341,304,316,311,328,321,339,308,356,284,328,291,339,300,349,289,373,268,343,274,353,282,363,273,387,249,356,234,339,222,325,END
350,422,370,383,378,341,382,305,397,282,334,329,306,305,313,318,323,329,311,343,287,317,293,330,302,339,292,360,271,334,277,344,286,354,276,375,252,344,237,328,225,316,END
354,412,374,374,384,332,389,296,406,274,342,311,311,298,316,313,327,322,319,324,294,308,298,322,308,331,299,341,276,322,281,333,292,342,282,358,259,328,245,314,234,300,END
314,426,349,395,368,354,379,320,396,298,313,323,336,313,343,331,340,344,290,328,313,327,321,341,319,352,274,341,289,333,299,346,301,358,262,354,258,329,257,312,254,301,END
314,428,346,397,366,356,377,322,392,302,310,327,332,317,339,335,337,348,287,333,310,330,317,345,315,356,271,344,286,335,296,348,298,360,259,357,255,331,256,314,257,303,END
337,424,366,387,378,348,387,314,402,292,320,324,330,309,339,325,340,339,297,333,311,320,320,333,320,345,282,347,291,330,301,341,304,354,271,360,257,333,250,316,244,303,END
367,409,384,372,391,331,395,296,412,273,351,312,317,301,320,317,332,326,330,325,301,313,305,328,316,337,312,343,285,327,289,340,301,349,295,361,272,334,255,320,243,308,END
375,407,384,370,384,323,385,285,400,260,353,316,309,297,314,315,328,323,336,333,294,313,300,329,312,338,320,354,281,331,286,345,299,355,306,373,274,351,252,338,235,326,END
364,418,373,377,372,331,375,293,391,268,341,333,300,307,307,319,321,329,322,354,284,325,291,336,303,345,306,374,271,345,277,356,290,366,292,393,257,370,235,359,218,351,END
360,435,369,393,369,349,371,313,386,288,335,355,293,322,303,335,317,346,315,377,275,339,284,350,297,361,300,398,262,362,270,372,283,383,288,416,249,395,228,382,214,374,END
358,451,369,412,371,376,376,345,394,325,337,391,296,342,308,351,321,367,315,412,275,360,287,364,302,377,299,430,259,382,270,383,284,393,287,443,247,426,224,415,207,408,END
351,440,368,402,373,368,387,343,411,327,339,387,301,332,315,344,327,361,316,408,277,347,289,353,303,369,296,424,258,366,268,371,280,385,281,434,246,409,227,398,211,392,END
364,398,385,356,394,310,402,271,421,247,351,298,323,270,330,285,341,297,324,314,299,282,306,295,316,307,302,332,280,299,287,310,297,321,284,348,260,314,243,295,230,279,END
371,392,389,348,395,303,399,265,415,241,345,285,320,280,327,295,338,306,321,300,302,292,308,306,317,314,302,320,285,306,291,317,301,327,288,340,262,312,246,299,234,288,END
364,385,381,343,387,302,389,267,403,244,335,282,312,287,319,302,330,311,312,295,295,299,301,312,311,320,295,314,278,310,285,323,296,331,281,335,256,312,239,301,227,291,END
365,381,378,340,381,301,382,268,394,245,330,280,311,289,320,305,331,313,308,292,297,302,304,316,314,322,292,312,280,314,288,327,299,334,279,332,256,311,239,301,228,292,END
341,418,355,377,359,334,366,298,383,276,320,323,289,304,297,315,309,324,298,340,272,316,277,326,287,335,280,358,257,333,261,342,270,351,263,375,235,347,218,332,205,320,END
341,420,356,380,361,337,368,301,386,278,321,326,292,305,299,317,310,327,299,341,274,317,280,328,289,337,280,359,258,333,263,342,272,352,264,376,237,348,221,332,209,319,END
344,428,359,387,365,344,371,307,390,286,325,331,295,312,302,324,313,333,303,347,277,324,282,335,291,344,284,365,261,340,265,350,274,359,268,382,242,353,226,338,213,325,END
354,432,369,393,373,349,378,312,397,291,335,338,302,322,308,336,319,344,314,353,285,335,289,348,299,356,296,371,269,351,273,362,284,371,280,388,254,363,236,350,222,339,END
394,432,399,390,394,348,394,313,408,289,360,353,321,333,330,344,344,353,344,374,307,350,316,359,328,367,333,395,298,369,306,376,318,385,323,414,286,394,266,385,251,380,END
385,433,389,392,385,350,384,314,397,290,350,354,310,333,320,345,334,353,334,375,297,351,306,360,318,368,322,396,288,370,295,378,307,387,313,416,275,395,255,387,240,384,END
379,436,385,394,381,351,381,316,395,291,347,354,307,333,316,345,329,354,330,375,293,351,301,361,313,369,317,396,282,370,289,378,301,387,306,415,271,392,251,382,236,376,END
375,439,380,397,378,355,378,320,392,295,342,359,303,336,314,348,327,357,325,379,289,354,298,363,310,372,312,401,278,373,286,381,298,391,302,420,267,398,248,389,234,383,END
